time,amount_dune,amount_flipside
2024-10-05,1083.6934189284718,629.245993403
