time,amount_dune,amount_flipside
2024-07-31,2510.235839006192,2455.847640667
