time,amount_dune,amount_flipside
2024-11-22,16862.066837651546,16768.428297198
