time,amount_dune,amount_flipside
2024-12-05,-16145.871886128074,1145.254975384
